,Total-Test,Motor-Test
All,"[8.125105992270612, 7.602851490687592, 7.977640934791078, 8.502344431786069, 7.319540383082612]","[6.216121473923703, 5.740251428495366, 6.067660249814297, 6.897051861626808, 5.414819380726915]"
Males,"[7.1077722699553, 8.935140323146143, 8.408523967432798, 9.138450164764443, 7.3261308585177645]","[5.043136172298897, 6.6866864271358954, 5.885114421907268, 6.865897180031004, 5.344994083832206]"
Females,"[4.4145324040418, 7.617734890281962, 8.169005561898157, 4.199723053583959, 7.581550756050499]","[3.7625112859430163, 7.137444676167697, 7.728913118909574, 3.747159012393082, 7.249882782980584]"
