,Total-Test,Motor-Test
fuzzy_c_means,"[7.982052183859967, 7.945725785380913, 8.089813182441873, 8.225299462533506, 7.708324228444201]","[6.439993641443131, 6.39771333734001, 6.407143830211882, 6.631372185884516, 6.133038188420722]"
som,"[7.979918521911044, 8.189593331029725, 8.00659687855894, 8.116739346769437, 8.123261966282044]","[6.504510469325433, 6.606995026758938, 6.407080443797443, 6.418123720660993, 6.559792423637806]"
em,"[8.094536874109904, 7.728981574791118, 8.019526719183848, 8.230955373531044, 8.154926848912233]","[6.565970940653591, 6.205070935873478, 6.4342237710957635, 6.507756279468725, 6.476007418602477]"
