,Total-Test,Motor-Test
fuzzy_c_means,"[7.223422512266886, 7.159015288458375, 7.03644589394334, 7.129593299148462, 7.19883452919942]","[5.647622963151445, 5.643834255360255, 5.544309988718372, 5.73148853118706, 5.655561710498432]"
som,"[6.951043675814839, 7.137396467880377, 6.922057354026263, 7.04714586104715, 7.223591866242126]","[5.60141754542946, 5.59347598944611, 5.504263081728033, 5.680320733002091, 5.761619530797175]"
em,"[7.096120322048002, 7.594930113952841, 7.153477131982453, 7.442214798708369, 7.061215310728461]","[5.678182818871493, 5.9428993807958355, 5.733363822290815, 5.846489032490112, 5.782239015307449]"
