,Total-Test,Total-Params,Motor-Test,Motor-Params
6,-4.7086876457698965,"{'learning_rate': 0.0037749999999999997, 'max_depth': 10}",-3.7131455776899536,"{'learning_rate': 0.0037749999999999997, 'max_depth': 10}"
17,-2.574015276172611,"{'learning_rate': 0.0037749999999999997, 'max_depth': 10}",-2.086702192859783,"{'learning_rate': 0.0025499999999999997, 'max_depth': 10}"
