,Total-Test,Total-Params,Motor-Test,Motor-Params
4,-9.49338975352665,"{'C': 0.1, 'gamma': 5}",-8.012998939530362,"{'C': 0.1, 'gamma': 5}"
5,-9.494435493132555,"{'C': 0.1, 'gamma': 5}",-7.806387922767081,"{'C': 10, 'gamma': 5}"
6,-9.495228597842603,"{'C': 0.1, 'gamma': 5}",-7.777040139483631,"{'C': 10, 'gamma': 5}"
7,-9.509760336202353,"{'C': 0.1, 'gamma': 5}",-7.7183662281698915,"{'C': 10, 'gamma': 5}"
8,-9.513391121015053,"{'C': 1, 'gamma': 5}",-7.700694740923098,"{'C': 10, 'gamma': 5}"
9,-9.51648430901586,"{'C': 0.1, 'gamma': 5}",-7.680542240166568,"{'C': 10, 'gamma': 5}"
10,-9.51559991750784,"{'C': 1, 'gamma': 5}",-7.671530603454523,"{'C': 10, 'gamma': 5}"
11,-9.512560014613852,"{'C': 1, 'gamma': 5}",-7.6580220032974715,"{'C': 10, 'gamma': 5}"
